triumphant,452,8.82,-0.73,6.78,-2.58,6.95,-2.55,5,,,Valance range:,1.25,8.82
love,263,8.72,-0.7,6.44,-3.35,7.11,-2.56,232,,,Valence mean:,5.149352031,
paradise,304,8.72,-0.6,5.12,-3.38,6.03,-2.79,12,,,,,
loved,264,8.64,-0.71,6.38,-2.68,6.62,-2.53,56,,,Arousal range:,2.39,8.17
miracle,279,8.6,-0.71,7.65,-1.67,5.35,-2.58,16,,,Arousal mean:,5.11787234,
joy,240,8.6,-0.71,7.22,-2.13,6.28,-2.15,40,,,,,
humor,220,8.56,-0.81,5.5,-2.91,6.08,-2.14,47,,,,Val cumulative,Val freq.
laughter,251,8.45,-1.08,6.75,-2.5,6.45,-2.45,22,,,1,0,0
champion,67,8.44,-0.9,5.85,-3.15,6.5,-2.85,23,,,2,52,52
friendly,175,8.43,-1.08,5.11,-2.96,5.92,-2.42,61,,,3,215,163
sweetheart,424,8.42,-0.83,5.5,-2.73,6.03,-2.24,9,,,4,346,131
affection,7,8.39,-0.86,6.21,-2.75,6.08,-2.22,18,,,5,450,104
mother,286,8.39,-1.15,6.13,-2.71,5.74,-2.37,216,,,6,617,167
win,494,8.38,-0.92,7.72,-2.16,7.39,-2.36,55,,,7,800,183
excellence,151,8.38,-0.96,5.54,-2.67,7.28,-2.32,15,,,8,985,185
cash,503,8.37,-1,7.37,-2.21,6.96,-2.39,36,,,9,1034,49
fun,759,8.37,-1.11,7.22,-2.01,6.8,-1.85,44,,,,,
comedy,77,8.37,-0.94,5.85,-2.81,5.44,-2.08,39,,,,Arousal cum.,Arousal freq.
orgasm,920,8.32,-1.31,8.1,-1.45,6.83,-2.18,7,,,,0,0
romantic,364,8.32,-1,7.59,-2.07,6.08,-2.29,32,,,,0,0
victory,475,8.32,-1.16,6.63,-2.84,7.26,-2.14,61,,,,14,14
success,417,8.29,-0.93,6.11,-2.65,6.89,-2.4,93,,,,159,145
pleasure,317,8.28,-0.92,5.74,-2.81,6.15,-2.31,62,,,,498,339
treasure,449,8.27,-0.9,6.75,-2.3,6.36,-2.42,4,,,,818,320
kiss,248,8.26,-1.54,7.32,-2.03,6.93,-2.28,17,,,,990,172
delight,105,8.26,-1.04,5.44,-2.88,5.79,-2.24,29,,,,1030,40
free,172,8.26,-1.31,5.15,-3.04,6.35,-2.4,260,,,,1034,4
joyful,241,8.22,-1.22,5.98,-2.54,6.6,-1.8,1,,,,,
baby,31,8.22,-1.2,5.53,-2.8,5,-2.8,62,,,,,
happy,200,8.21,-1.82,6.49,-2.77,6.63,-2.43,98,,,,,
promotion,332,8.2,-1.15,6.44,-2.58,6.79,-2.28,26,,,,,
graduate,192,8.19,-1.13,7.25,-2.25,6.94,-2.44,30,,,,,
lucky,266,8.17,-1.06,6.53,-2.34,6.05,-2.25,21,,,,,
terrific,431,8.16,-1.12,6.23,-2.73,6.6,-2.15,5,,,,,
vacation,468,8.16,-1.36,5.64,-2.99,6.8,-2.08,47,,,,,
god,190,8.15,-1.27,5.95,-2.84,5.88,-2.89,318,,,,,
rainbow,343,8.14,-1.23,4.64,-2.88,4.72,-2.37,4,,,,,
music,291,8.13,-1.09,5.32,-3.19,6.39,-2.44,216,,,,,
valentine,469,8.11,-1.35,6.06,-2.91,5.81,-2.45,2,,,,,
joke,826,8.1,-1.36,6.74,-1.84,6.15,-1.86,22,,,,,
cheer,69,8.1,-1.17,6.12,-2.45,6,-2.06,8,,,,,
thrill,438,8.05,-1.48,8.02,-1.65,6.54,-2.3,5,,,,,
sex,384,8.05,-1.53,7.36,-1.91,5.75,-2.25,84,,,,,
passion,306,8.03,-1.27,7.26,-2.57,6.13,-2.24,28,,,,,
millionaire,278,8.03,-1.42,6.14,-2.7,6.97,-2.4,2,,,,,
proud,334,8.03,-1.56,5.56,-3.01,6.74,-2.73,50,,,,,
beach,34,8.03,-1.59,5.53,-3.07,5.44,-2.52,61,,,,,
rollercoaster,528,8.02,-1.63,8.06,-1.71,5.1,-2.76,.,,,,,
sexy,530,8.02,-1.12,7.36,-1.91,6.82,-2.13,2,,,,,
engaged,143,8,-1.38,6.77,-2.07,6.49,-2.22,47,,,,,
diploma,119,8,-1.39,5.67,-2.8,6.76,-2.5,.,,,,,
hug,218,8,-1.55,5.35,-2.76,5.79,-2.41,3,,,,,
ecstasy,735,7.98,-1.52,7.38,-1.92,6.68,-2.08,6,,,,,
confident,79,7.98,-1.29,6.22,-2.41,7.68,-1.94,16,,,,,
liberty,255,7.98,-1.22,5.6,-2.65,6.29,-2.44,46,,,,,
acceptance,625,7.98,-1.42,5.4,-2.7,6.64,-1.91,49,,,,,
aroused,24,7.97,-1,6.63,-2.7,6.14,-1.97,20,,,,,
satisfied,372,7.94,-1.19,4.94,-2.63,6.14,-2.37,36,,,,,
fame,157,7.93,-1.29,6.55,-2.46,6.85,-2.14,18,,,,,
handsome,199,7.93,-1.47,5.95,-2.73,5.19,-2.22,40,,,,,
diamond,117,7.92,-1.2,5.53,-2.96,5.54,-2.28,8,,,,,
snuggle,404,7.92,-1.24,4.16,-2.8,5.66,-2.47,4,,,,,
pillow,315,7.92,-1.4,2.97,-2.52,4.56,-2.17,8,,,,,
home,209,7.91,-1.63,4.21,-2.94,5.9,-2.3,547,,,,,
merry,872,7.9,-1.49,5.9,-2.42,6.64,-1.66,8,,,,,
achievement,3,7.89,-1.38,5.53,-2.81,6.56,-2.35,65,,,,,
waterfall,487,7.88,-1.03,5.37,-2.84,5.2,-2.18,2,,,,,
luxury,268,7.88,-1.49,4.75,-2.91,6.4,-2.45,21,,,,,
party,305,7.86,-1.83,6.69,-2.84,5.83,-2.46,216,,,,,
sunrise,420,7.86,-1.35,5.06,-3.05,5.29,-2.41,10,,,,,
birthday,39,7.84,-1.92,6.68,-2.11,5.89,-2.61,18,,,,,
caress,64,7.84,-1.16,5.14,-3,5.83,-2.13,1,,,,,
wedding,491,7.82,-1.56,5.97,-2.85,6.68,-2.08,32,,,,,
beauty,35,7.82,-1.16,4.95,-2.57,5.53,-2.1,71,,,,,
kindness,246,7.82,-1.39,4.3,-2.62,5.67,-2.63,5,,,,,
adorable,6,7.81,-1.24,5.12,-2.71,5.74,-2.48,3,,,,,
christmas,686,7.8,-1.55,6.27,-2.56,5.37,-2.09,27,,,,,
triumph,451,7.8,-1.83,5.78,-2.6,6.98,-2.2,22,,,,,
enjoyment,145,7.8,-1.2,5.2,-2.72,6.46,-1.77,21,,,,,
truth,458,7.8,-1.29,5,-2.77,6.47,-2.11,126,,,,,
justice,242,7.78,-1.35,5.47,-2.54,6.47,-2.26,114,,,,,
trophy,453,7.78,-1.22,5.39,-2.44,6.44,-2.32,8,,,,,
gift,184,7.77,-2.24,6.14,-2.76,5.52,-2.54,33,,,,,
sunlight,1003,7.76,-1.43,6.1,-2.3,5.63,-2.15,17,,,,,
spring,993,7.76,-1.51,5.67,-2.51,6.26,-1.98,127,,,,,
outstanding,922,7.75,-1.75,6.24,-2.59,6.4,-2.29,37,,,,,
pretty,326,7.75,-1.26,6.03,-2.22,5.5,-1.97,107,,,,,
admired,5,7.74,-1.84,6.11,-2.36,7.53,-1.94,17,,,,,
friend,174,7.74,-1.24,5.74,-2.57,6.74,-1.89,133,,,,,
car,551,7.73,-1.63,6.24,-2.04,6.98,-2.06,274,,,,,
progress,947,7.73,-1.34,6.02,-2.58,6.76,-2.05,120,,,,,
savior,373,7.73,-1.56,5.8,-3.01,6.64,-2.18,6,,,,,
cuddle,94,7.72,-1.92,4.4,-2.67,5.85,-2.42,.,,,,,
peace,308,7.72,-1.75,2.95,-2.55,5.45,-2.84,198,,,,,
rescue,352,7.7,-1.24,6.53,-2.56,6.45,-2.29,15,,,,,
riches,359,7.7,-1.95,6.17,-2.7,6.74,-2.43,2,,,,,
wealthy,488,7.7,-1.34,5.8,-2.73,6.77,-2.57,12,,,,,
honest,210,7.7,-1.43,5.32,-1.92,6.24,-2.13,47,,,,,
desire,508,7.69,-1.39,7.35,-1.76,6.49,-1.83,79,,,,,
sunset,421,7.68,-1.72,4.2,-2.99,5.66,-2.08,14,,,,,
honor,211,7.66,-1.24,5.9,-1.83,6.7,-2.04,66,,,,,
food,514,7.65,-1.37,5.92,-2.11,6.18,-2.48,147,,,,,
thoughtful,437,7.65,-1.03,5.72,-2.3,5.61,-2.11,11,,,,,
improve,226,7.65,-1.16,5.69,-2.15,6.08,-2.25,39,,,,,
family,158,7.65,-1.55,4.8,-2.71,6,-1.87,331,,,,,
nature,293,7.65,-1.37,4.37,-2.51,4.95,-2.72,191,,,,,
respect,354,7.64,-1.29,5.19,-2.39,6.89,-2.11,125,,,,,
profit,331,7.63,-1.3,6.68,-1.78,5.85,-2.47,28,,,,,
leader,844,7.63,-1.59,6.27,-2.18,7.88,-1.6,74,,,,,
cute,97,7.62,-1.01,5.53,-2.71,4.86,-2.32,5,,,,,
untroubled,464,7.62,-1.41,3.89,-2.54,5.53,-2.54,.,,,,,
intimate,821,7.61,-1.51,6.98,-2.21,5.86,-2.29,21,,,,,
adventure,630,7.6,-1.5,6.98,-2.15,6.46,-1.67,14,,,,,
beautiful,654,7.6,-1.64,6.17,-2.34,6.29,-1.81,127,,,,,
money,282,7.59,-1.4,5.7,-2.66,6.25,-2.33,265,,,,,
kind,245,7.59,-1.67,4.46,-2.55,5.95,-1.93,313,,,,,
knowledge,249,7.58,-1.32,5.92,-2.32,6.78,-2.41,145,,,,,
freedom,173,7.58,-2.04,5.52,-2.72,6.76,-2.29,128,,,,,
spouse,407,7.58,-1.48,5.21,-2.75,5.53,-1.97,3,,,,,
dog,511,7.57,-1.66,5.76,-2.5,6.25,-2.1,75,,,,,
secure,381,7.57,-1.76,3.14,-2.47,5.93,-2.57,30,,,,,
talent,427,7.56,-1.25,6.27,-1.8,6.49,-1.75,40,,,,,
puppy,336,7.56,-1.9,5.85,-2.78,5.51,-2.39,2,,,,,
fireworks,513,7.55,-1.5,6.67,-2.12,5.51,-1.98,5,,,,,
holiday,791,7.55,-2.14,6.59,-2.73,6.3,-2.17,17,,,,,
glory,189,7.55,-1.68,6.02,-2.71,6.85,-2.23,21,,,,,
loyal,265,7.55,-1.9,5.16,-2.42,6.91,-2.23,18,,,,,
sun,532,7.55,-1.85,5.04,-2.66,6.16,-2.09,112,,,,,
gold,191,7.54,-1.63,5.76,-2.79,5.85,-2.46,52,,,,,
carefree,63,7.54,-1.38,4.17,-2.84,5.78,-2.5,9,,,,,
reward,358,7.53,-1.67,4.95,-2.62,6,-2.14,15,,,,,
angel,16,7.53,-1.58,4.83,-2.63,4.97,-2.34,18,,,,,
flirt,754,7.52,-1.19,6.91,-1.69,6.24,-2.33,1,,,,,
wise,497,7.52,-1.23,3.91,-2.64,6.7,-2.39,36,,,,,
bed,549,7.51,-1.38,3.61,-2.56,6.88,-1.78,127,,,,,
excitement,152,7.5,-2.2,7.67,-1.91,6.18,-2.17,32,,,,,
applause,640,7.5,-1.5,5.8,-2.79,6.48,-2.11,14,,,,,
bright,671,7.5,-1.55,5.4,-2.33,6.34,-1.82,87,,,,,
luscious,267,7.5,-1.08,5.34,-2.51,5.68,-1.84,2,,,,,
memories,871,7.48,-1.61,6.1,-2.1,5.88,-1.92,15,,,,,
surprised,422,7.47,-1.56,7.47,-2.09,6.11,-2.19,58,,,,,
dollar,729,7.47,-1.72,6.07,-2.67,6.33,-2.42,46,,,,,
outdoors,521,7.47,-1.8,5.92,-2.55,6.27,-2.24,6,,,,,
eat,136,7.47,-1.73,5.69,-2.51,5.6,-2.12,61,,,,,
good,766,7.47,-1.45,5.43,-2.85,6.41,-2.05,807,,,,,
magical,858,7.46,-1.64,5.95,-2.36,5.73,-2.19,12,,,,,
elated,138,7.45,-1.77,6.21,-2.3,5.53,-2.35,3,,,,,
refreshment,347,7.44,-1.29,4.45,-2.7,5,-1.92,2,,,,,
erotic,512,7.43,-1.53,7.24,-1.97,6.39,-2.16,8,,,,,
elegant,139,7.43,-1.26,4.53,-2.65,5.95,-2.09,14,,,,,
couple,506,7.41,-1.97,6.39,-2.31,6.02,-2.28,122,,,,,
silly,981,7.41,-1.8,5.88,-2.38,6,-2.09,15,,,,,
jolly,827,7.41,-1.92,5.57,-2.8,6.39,-1.72,4,,,,,
devoted,116,7.41,-1.37,5.23,-2.21,6.18,-2.36,51,,,,,
fantasy,746,7.41,-1.9,5.14,-2.82,6.43,-2.05,14,,,,,
warmth,483,7.41,-1.81,3.73,-2.4,5.61,-1.67,28,,,,,
grin,773,7.4,-1.87,5.27,-2.64,6,-1.86,13,,,,,
heart,787,7.39,-1.53,6.34,-2.25,5.49,-2.11,173,,,,,
cozy,88,7.39,-1.53,3.32,-2.28,4.89,-2.28,1,,,,,
grateful,193,7.37,-0.97,4.58,-2.14,6.18,-1.77,25,,,,,
sky,572,7.37,-1.4,4.27,-2.17,5.16,-2,58,,,,,
intercourse,819,7.36,-1.57,7,-2.07,6.4,-1.78,9,,,,,
treat,1019,7.36,-1.38,5.62,-2.25,5.78,-1.82,26,,,,,
fascinate,159,7.34,-1.68,5.83,-2.73,6.15,-1.89,3,,,,,
bride,670,7.34,-1.71,5.55,-2.74,5.74,-2.36,33,,,,,
people,525,7.33,-1.7,5.94,-2.09,6.14,-2.02,847,,,,,
impressed,225,7.33,-1.84,5.42,-2.65,5.51,-2.21,30,,,,,
bath,502,7.33,-1.45,4.16,-2.31,6.41,-1.87,26,,,,,
imagine,805,7.32,-1.52,5.98,-2.14,7.07,-1.99,61,,,,,
wit,1035,7.32,-1.9,5.42,-2.44,6.38,-2.01,20,,,,,
gentle,183,7.31,-1.3,3.21,-2.57,5.1,-2.16,27,,,,,
festive,749,7.3,-2.26,6.58,-2.29,5.77,-2.34,2,,,,,
circus,72,7.3,-1.84,5.97,-2.59,5.39,-2.25,7,,,,,
heaven,205,7.3,-2.39,5.61,-3.2,6.15,-2.56,43,,,,,
soothe,988,7.3,-1.85,4.4,-3.08,5.36,-2.24,2,,,,,
dazzle,717,7.29,-1.09,6.33,-2.02,5.62,-1.81,1,,,,,
protected,333,7.29,-1.79,4.09,-2.77,5.8,-2.54,31,,,,,
life,258,7.27,-1.88,6.02,-2.62,5.72,-2.51,715,,,,,
star,409,7.27,-1.66,5.83,-2.44,4.68,-2.15,25,,,,,
bird,38,7.27,-1.36,3.17,-2.23,4.42,-2.26,31,,,,,
prestige,945,7.26,-1.9,5.86,-2.08,6.9,-1.96,29,,,,,
king,247,7.26,-1.67,5.51,-2.77,7.38,-2.1,88,,,,,
scholar,374,7.26,-1.42,5.12,-2.46,6.59,-2.02,15,,,,,
blossom,44,7.26,-1.18,5.03,-2.65,5.53,-2.21,7,,,,,
cake,59,7.26,-1.27,5,-2.37,5.16,-2.05,9,,,,,
house,563,7.26,-1.72,4.56,-2.41,6.08,-2.12,591,,,,,
perfection,310,7.25,-2.05,5.95,-2.73,6.71,-2.26,11,,,,,
alive,635,7.25,-2.22,5.5,-2.74,6.39,-2.15,57,,,,,
sailboat,529,7.25,-1.71,4.88,-2.73,5.86,-1.71,1,,,,,
bunny,54,7.24,-1.32,4.06,-2.61,4.97,-2.18,1,,,,,
twilight,1022,7.23,-1.8,4.7,-2.41,5.59,-1.82,4,,,,,
respectful,355,7.22,-1.27,4.6,-2.67,5.67,-2.38,4,,,,,
lively,849,7.2,-1.97,5.53,-2.9,6.09,-1.95,26,,,,,
easygoing,135,7.2,-1.5,4.3,-2.52,5.25,-1.75,1,,,,,
sleep,399,7.2,-1.77,2.8,-2.66,5.41,-2.41,65,,,,,
palace,302,7.19,-1.78,5.1,-2.75,5.69,-2.17,38,,,,,
bless,42,7.19,-1.69,4.05,-2.59,5.52,-2.22,9,,,,,
champ,682,7.18,-1.97,6,-2.43,6.77,-2,1,,,,,
politeness,320,7.18,-1.5,3.74,-2.37,5.74,-1.7,5,,,,,
butterfly,58,7.17,-1.2,3.47,-2.39,4.65,-2.27,2,,,,,
dinner,509,7.16,-1.5,5.43,-2.14,6.1,-1.87,91,,,,,
capable,62,7.16,-1.39,5.08,-2.07,6.47,-1.94,66,,,,,
brave,668,7.15,-1.64,6.15,-2.45,7.22,-1.86,24,,,,,
inspired,233,7.15,-1.85,6.02,-2.67,6.67,-2.31,25,,,,,
learn,252,7.15,-1.49,5.39,-2.22,6.34,-2.17,84,,,,,
earth,134,7.15,-1.67,4.24,-2.49,5.61,-2.3,150,,,,,
dancer,507,7.14,-1.56,6,-2.2,6.02,-1.93,31,,,,,
useful,466,7.14,-1.6,4.26,-2.47,5.93,-2.1,58,,,,,
exercise,155,7.13,-1.58,6.84,-2.06,5.68,-2.44,58,,,,,
lust,519,7.12,-1.62,6.88,-1.85,5.49,-2.27,5,,,,,
ocean,297,7.12,-1.72,4.95,-2.79,5.53,-2.75,34,,,,,
soft,986,7.12,-1.34,4.63,-2.61,6,-1.8,61,,,,,
strong,414,7.11,-1.48,5.92,-2.28,6.92,-2.43,202,,,,,
brother,52,7.11,-2.17,4.71,-2.68,5.12,-2.31,73,,,,,
travel,1018,7.1,-2,6.21,-2.51,6.31,-2.08,61,,,,,
song,987,7.1,-1.97,6.07,-2.42,5.85,-2.12,70,,,,,
hopeful,212,7.1,-1.46,5.78,-2.09,5.41,-1.92,12,,,,,
easy,734,7.1,-1.91,4.48,-2.82,7,-1.63,125,,,,,
dignified,118,7.1,-1.26,4.12,-2.29,6.12,-2.4,7,,,,,
masterful,271,7.09,-1.78,5.2,-2.85,7.18,-2.56,2,,,,,
wish,1034,7.09,-2,5.16,-2.62,5.28,-2.09,110,,,,,
heal,786,7.09,-1.46,4.77,-2.23,5.79,-1.8,2,,,,,
father,161,7.08,-2.2,5.92,-2.6,5.63,-2.89,383,,,,,
snow,575,7.08,-1.83,5.75,-2.47,5.8,-1.97,59,,,,,
child,70,7.08,-1.98,5.55,-2.29,5.1,-2.3,213,,,,,
agreement,631,7.08,-1.59,5.02,-2.24,6.22,-1.85,106,,,,,
melody,870,7.07,-1.79,4.98,-2.52,5.46,-1.78,21,,,,,
comfort,696,7.07,-2.14,3.93,-2.85,5.7,-2.05,43,,,,,
safe,967,7.07,-1.9,3.86,-2.72,5.81,-2.06,58,,,,,
skijump,531,7.06,-1.73,7.06,-2.1,4.9,-2.32,.,,,,,
hope,794,7.05,-1.96,5.44,-2.47,5.52,-2.2,178,,,,,
ambition,14,7.04,-1.98,5.61,-2.92,6.93,-2.07,19,,,,,
bouquet,667,7.02,-1.84,5.46,-2.47,6.15,-1.8,4,,,,,
color,694,7.02,-1.57,4.73,-2.64,6.17,-1.82,141,,,,,
idea,800,7,-1.34,5.86,-1.81,6.26,-2,195,,,,,
pride,327,7,-2.11,5.83,-2.48,7.06,-2.15,42,,,,,
incentive,809,7,-1.72,5.69,-2.45,5.93,-2.02,12,,,,,
spirit,406,7,-1.32,5.56,-2.62,5.82,-2.42,182,,,,,
jewel,239,7,-1.72,5.38,-2.54,5.59,-2.19,1,,,,,
greet,770,7,-1.52,5.27,-2.31,5.95,-2.07,7,,,,,
toy,1017,7,-2.01,5.11,-2.84,6.09,-1.84,4,,,,,
sapphire,371,7,-1.88,5,-2.72,5.55,-2.24,.,,,,,
relaxed,350,7,-1.77,2.39,-2.13,5.55,-1.9,14,,,,,
game,760,6.98,-1.97,5.89,-2.37,5.7,-1.65,123,,,,,
famous,745,6.98,-2.07,5.73,-2.68,6.32,-2.18,89,,,,,
interest,234,6.97,-1.53,5.66,-2.26,5.88,-1.78,330,,,,,
inspire,232,6.97,-1.91,5,-2.53,6.34,-2.11,3,,,,,
yacht,1037,6.95,-1.79,5.61,-2.72,6.1,-2.13,4,,,,,
optimism,918,6.95,-2.24,5.34,-2.58,6.61,-2.06,15,,,,,
present,943,6.95,-1.85,5.12,-2.39,5.83,-1.78,377,,,,,
infant,811,6.95,-2.08,5.05,-2.66,5.67,-2.48,11,,,,,
advantage,629,6.95,-1.85,4.76,-2.18,6.36,-2.23,73,,,,,
bliss,660,6.95,-2.24,4.41,-2.95,6.12,-2.15,4,,,,,
wink,1033,6.93,-1.83,5.44,-2.68,5.7,-1.77,7,,,,,
decorate,719,6.93,-1.3,5.14,-2.39,6.05,-1.86,2,,,,,
tender,1011,6.93,-1.28,4.88,-2.3,5.33,-1.75,11,,,,,
tune,1021,6.93,-1.47,4.71,-2.09,5.74,-1.82,10,,,,,
kids,835,6.91,-1.99,5.27,-2.36,5.07,-2.03,32,,,,,
nectar,294,6.9,-1.53,3.89,-2.48,4.54,-2.06,3,,,,,
dove,730,6.9,-1.54,3.79,-2.28,5.48,-1.7,4,,,,,
silk,391,6.9,-1.27,3.71,-2.51,4.81,-1.93,12,,,,,
young,1038,6.89,-2.12,5.64,-2.51,5.3,-2.49,385,,,,,
humane,796,6.89,-1.7,4.5,-1.91,5.7,-1.91,5,,,,,
thankful,433,6.89,-2.29,4.34,-2.31,5.32,-2,6,,,,,
mail,859,6.88,-1.74,5.63,-2.36,5.67,-1.79,47,,,,,
ace,626,6.88,-1.93,5.5,-2.66,6.39,-2.31,15,,,,,
chocolate,505,6.88,-1.89,5.29,-2.55,5.18,-1.97,9,,,,,
social,985,6.88,-1.82,4.98,-2.59,5.91,-2.07,380,,,,,
leisurely,253,6.88,-1.81,3.8,-2.38,5.15,-1.9,5,,,,,
girl,185,6.87,-1.64,4.29,-2.69,5.8,-2.16,220,,,,,
kitten,517,6.86,-2.13,5.08,-2.45,6.86,-2.01,5,,,,,
movie,288,6.86,-1.81,4.93,-2.54,5,-1.79,29,,,,,
river,362,6.85,-1.69,4.51,-2.42,5.1,-1.86,165,,,,,
breeze,669,6.85,-1.71,4.37,-2.32,5.54,-1.67,14,,,,,
powerful,324,6.84,-1.8,5.83,-2.69,7.19,-2.52,63,,,,,
beverage,657,6.83,-1.48,5.21,-2.46,5.63,-2.17,5,,,,,
mobility,881,6.83,-1.79,5,-2.18,6.43,-1.48,8,,,,,
nude,520,6.82,-1.63,6.41,-2.09,5.96,-2.29,20,,,,,
muscular,290,6.82,-1.63,5.47,-2.2,6.58,-2.28,16,,,,,
intellect,818,6.82,-1.96,4.75,-2.5,6.3,-1.98,5,,,,,
lake,250,6.82,-1.54,3.95,-2.44,4.9,-2.1,54,,,,,
casino,680,6.81,-1.66,6.51,-2.12,5.12,-2.15,2,,,,,
penthouse,933,6.81,-1.64,5.52,-2.49,6.52,-1.82,1,,,,,
health,204,6.81,-1.88,5.13,-2.35,5.83,-1.91,105,,,,,
bold,45,6.8,-1.61,5.6,-2.21,6.67,-1.81,21,,,,,
daylight,716,6.8,-2.17,4.77,-2.5,5.48,-2.14,15,,,,,
vigorous,476,6.79,-1.54,5.9,-2.66,5.41,-2.22,29,,,,,
zest,1040,6.79,-2.04,5.59,-2.66,6,-1.99,5,,,,,
pet,935,6.79,-2.32,5.1,-2.59,5.85,-2.28,8,,,,,
space,574,6.78,-1.66,5.14,-2.54,5.2,-2.44,184,,,,,
charm,68,6.77,-1.58,5.16,-2.25,5.57,-2.25,26,,,,,
restaurant,960,6.76,-1.85,5.41,-2.55,5.73,-1.41,41,,,,,
perfume,934,6.76,-1.48,5.05,-2.36,5.93,-1.69,10,,,,,
glamour,187,6.76,-1.6,4.68,-2.23,5.76,-2.49,5,,,,,
blue,544,6.76,-1.78,4.31,-2.2,5.63,-1.64,143,,,,,
youth,1039,6.75,-2.29,5.67,-2.52,5.11,-2.55,82,,,,,
sugar,1002,6.74,-1.73,5.64,-2.18,5.5,-1.5,34,,,,,
infatuation,516,6.73,-2.08,7.02,-1.87,4.9,-2.28,4,,,,,
radiant,954,6.73,-2.17,5.39,-2.82,5.61,-2.17,8,,,,,
man,537,6.73,-1.7,5.24,-2.31,5.53,-2.23,1207,,,,,
radio,341,6.73,-1.47,4.78,-2.82,5.28,-1.85,120,,,,,
dream,132,6.73,-1.75,4.53,-2.72,5.53,-1.98,64,,,,,
honey,792,6.73,-1.7,4.51,-2.25,5.44,-1.47,25,,,,,
patriot,930,6.71,-1.69,5.17,-2.53,5.9,-1.54,10,,,,,
garden,761,6.71,-1.74,4.39,-2.35,6.02,-1.71,60,,,,,
awed,30,6.7,-1.38,5.74,-2.31,5.3,-2.03,5,,,,,
education,137,6.69,-1.77,5.74,-2.46,6.15,-2.35,214,,,,,
pasta,524,6.69,-1.64,4.94,-2.04,5.8,-1.47,.,,,,,
bathtub,652,6.69,-1.57,4.36,-2.59,5.76,-1.76,4,,,,,
trust,457,6.68,-2.71,5.3,-2.66,6.61,-2.04,52,,,,,
mind,877,6.68,-1.84,5,-2.68,6.37,-2.19,325,,,,,
art,643,6.68,-2.1,4.86,-2.88,5.3,-2.33,208,,,,,
astronaut,501,6.66,-1.6,5.28,-2.11,5.2,-1.95,2,,,,,
taste,1007,6.66,-1.57,5.22,-2.38,5.5,-1.65,59,,,,,
pizza,526,6.65,-2.23,5.24,-2.09,5.69,-1.9,3,,,,,
quick,953,6.64,-1.61,6.57,-1.78,6.57,-1.91,68,,,,,
woman,498,6.64,-1.76,5.32,-2.59,6.33,-1.52,224,,,,,
cuisine,709,6.64,-1.48,4.39,-1.99,5.41,-1.19,1,,,,,
flower,168,6.64,-1.78,4,-2.44,4.98,-2.17,23,,,,,
answer,639,6.63,-1.68,5.41,-2.43,5.85,-1.88,152,,,,,
memory,274,6.62,-1.5,5.42,-2.25,5.11,-2.12,76,,,,,
vision,480,6.62,-1.84,4.66,-2.43,6.02,-1.96,56,,,,,
athletics,644,6.61,-2.08,6.1,-2.29,6.12,-2.12,9,,,,,
water,486,6.61,-1.78,4.97,-2.49,5.08,-1.99,442,,,,,
letter,846,6.61,-1.59,4.9,-2.37,5.73,-1.48,145,,,,,
abundance,624,6.59,-2.01,5.51,-2.63,5.8,-2.16,13,,,,,
mountain,287,6.59,-1.66,5.49,-2.43,5.46,-2.36,33,,,,,
natural,896,6.59,-1.57,4.09,-2.37,5.57,-1.69,156,,,,,
smooth,984,6.58,-1.78,4.91,-2.57,5.09,-2.09,42,,,,,
crown,90,6.58,-1.42,4.28,-2.53,6.06,-2.15,19,,,,,
lottery,853,6.57,-2.04,5.36,-2.45,4.81,-2.11,1,,,,,
identity,801,6.57,-1.99,4.95,-2.24,6.4,-1.89,55,,,,,
muffin,888,6.57,-2.04,4.76,-2.42,5.51,-1.63,.,,,,,
rabbit,527,6.57,-1.92,4.02,-2.19,6.08,-1.72,11,,,,,
astonished,28,6.56,-1.61,6.58,-2.22,5.16,-1.79,6,,,,,
nice,902,6.55,-2.44,4.38,-2.69,5.58,-2.2,75,,,,,
power,323,6.54,-2.21,6.67,-1.87,7.28,-2.35,342,,,,,
mighty,276,6.54,-2.19,5.61,-2.38,7.23,-2.11,29,,,,,
swimmer,576,6.54,-1.64,4.82,-2.49,5.96,-1.91,.,,,,,
clothing,74,6.54,-1.85,4.78,-2.88,5.33,-2.14,20,,,,,
candy,61,6.54,-2.09,4.58,-2.4,5.33,-1.91,16,,,,,
innocent,814,6.51,-1.34,4.21,-1.99,5.28,-2.08,37,,,,,
breast,51,6.5,-1.78,5.37,-2.39,5.39,-2.27,11,,,,,
world,500,6.5,-2.03,5.32,-2.39,5.26,-2.47,787,,,,,
adult,546,6.49,-1.5,4.76,-1.95,5.75,-2.21,25,,,,,
option,919,6.49,-1.31,4.74,-2.23,6.34,-1.8,5,,,,,
saint,968,6.49,-1.7,4.49,-1.9,5.37,-2.11,16,,,,,
reunion,961,6.48,-2.45,6.34,-2.35,5.64,-1.95,11,,,,,
employment,147,6.47,-1.81,5.28,-2.12,5.73,-2.08,47,,,,,
white,542,6.47,-1.59,4.37,-2.14,5.98,-1.73,365,,,,,
swift,1005,6.46,-1.76,5.39,-2.53,6.29,-1.85,32,,,,,
agility,22,6.46,-1.57,4.85,-1.8,5.87,-1.52,3,,,,,
favor,748,6.46,-1.52,4.54,-1.86,5.67,-1.76,78,,,,,
nourish,907,6.46,-1.69,4.29,-2.51,5.8,-1.62,.,,,,,
virgin,1027,6.45,-1.76,5.51,-2.06,6.24,-2.48,35,,,,,
diver,510,6.45,-1.55,5.04,-2.1,5.04,-1.91,1,,,,,
save,969,6.45,-1.93,4.95,-2.19,6,-1.79,62,,,,,
cottage,87,6.45,-1.52,3.39,-2.54,5.39,-1.78,19,,,,,
queen,952,6.44,-1.43,4.76,-2.18,5.49,-2.12,41,,,,,
plane,539,6.43,-1.98,6.14,-2.39,4.78,-2.19,114,,,,,
blond,662,6.43,-2.04,5.07,-2.7,5.74,-1.67,11,,,,,
bar,650,6.42,-2.05,5,-2.83,5.47,-1.94,82,,,,,
priest,328,6.42,-2,4.41,-2.71,4.88,-2.07,16,,,,,
red,570,6.41,-1.61,5.29,-2.04,5.78,-1.59,197,,,,,
pie,314,6.41,-1.89,4.2,-2.4,5.35,-1.78,14,,,,,
dress,133,6.41,-1.34,4.05,-1.89,5,-1.89,67,,,,,
face,556,6.39,-1.6,5.04,-2.18,5.67,-1.58,371,,,,,
legend,845,6.39,-1.34,4.88,-1.76,5.54,-1.64,26,,,,,
thought,1013,6.39,-1.58,4.83,-2.46,6.02,-1.7,515,,,,,
gymnast,515,6.35,-1.79,5.02,-2.2,5.31,-1.79,1,,,,,
naked,892,6.34,-2.42,5.8,-2.8,6,-2.05,32,,,,,
air,632,6.34,-1.56,4.12,-2.3,5.1,-1.56,257,,,,,
wife,1031,6.33,-1.97,4.93,-2.22,5.57,-1.68,228,,,,,
boy,50,6.32,-1.6,4.58,-2.37,5.34,-2.2,242,,,,,
person,311,6.32,-1.74,4.19,-2.45,5.35,-2.02,175,,,,,
tree,450,6.32,-1.56,3.42,-2.21,5.08,-2.29,59,,,,,
autumn,29,6.3,-2.14,4.51,-2.5,5.15,-1.85,22,,,,,
tidy,1014,6.3,-1.56,3.98,-2.22,5.49,-1.93,1,,,,,
opinion,298,6.28,-1.45,4.89,-2.46,5.53,-1.93,96,,,,,
church,71,6.28,-2.31,4.34,-2.45,5,-2.42,348,,,,,
nipple,903,6.27,-1.81,5.56,-2.55,5.57,-2,.,,,,,
vehicle,473,6.27,-2.34,4.63,-2.81,5.77,-2.61,35,,,,,
hamburger,777,6.27,-1.5,4.55,-2.14,5.32,-1.21,6,,,,,
voyage,1028,6.25,-1.91,5.55,-2.23,5.18,-1.98,17,,,,,
quality,950,6.25,-1.59,4.48,-2.12,5.64,-1.59,114,,,,,
computer,552,6.24,-1.61,4.75,-1.93,5.29,-1.99,13,,,,,
garter,534,6.22,-1.59,5.47,-2.15,5.82,-1.62,2,,,,,
virtue,479,6.22,-2.06,4.52,-2.52,6.13,-2.09,30,,,,,
event,740,6.21,-1.63,5.1,-2.4,5.52,-1.57,81,,,,,
lavish,840,6.21,-2.03,4.93,-2.4,5.64,-1.61,3,,,,,
alert,11,6.2,-1.76,6.85,-2.53,5.96,-2.24,33,,,,,
moral,884,6.2,-1.85,4.49,-2.28,5.9,-2.2,142,,,,,
field,558,6.2,-1.37,4.08,-2.41,5.84,-1.94,274,,,,,
green,194,6.18,-2.05,4.28,-2.46,4.82,-2.05,116,,,,,
clouds,533,6.18,-2.18,3.3,-2.08,5.22,-1.66,38,,,,,
bake,647,6.17,-1.71,5.1,-2.3,5.49,-1.88,12,,,,,
cook,697,6.16,-1.89,4.44,-1.96,5.14,-1.49,47,,,,,
dawn,715,6.16,-2.33,4.39,-2.81,5.16,-2.23,28,,,,,
bottle,666,6.15,-1.49,4.79,-2.44,4.78,-1.65,76,,,,,
vagina,1025,6.14,-1.77,5.55,-2.55,5.88,-1.74,10,,,,,
idol,802,6.12,-1.86,4.95,-2.14,5.37,-2.17,7,,,,,
grass,768,6.12,-1.44,4.14,-2.11,5.44,-1.36,53,,,,,
doll,728,6.09,-1.96,4.24,-2.43,4.61,-2.07,10,,,,,
curious,95,6.08,-1.63,5.82,-1.64,5.42,-1.6,46,,,,,
nurse,538,6.08,-2.08,4.84,-2.04,4.84,-2.2,17,,,,,
pancakes,523,6.08,-1.83,4.06,-2.13,5.76,-1.61,.,,,,,
foam,756,6.07,-2.03,5.26,-2.54,5.24,-1.97,37,,,,,
fragrance,170,6.07,-1.97,4.79,-2.54,5.14,-1.91,6,,,,,
garment,762,6.07,-1.61,4.49,-2.5,5.3,-1.96,6,,,,,
fish,559,6.04,-1.94,4,-2.19,6.02,-1.68,35,,,,,
city,73,6.03,-1.37,5.24,-2.53,5.74,-2.08,393,,,,,
wonder,499,6.03,-1.58,5,-2.23,5.32,-2.17,67,,,,,
chance,683,6.02,-1.77,5.38,-2.58,4.64,-1.93,131,,,,,
tennis,540,6.02,-1.97,4.61,-2.6,5.61,-2.12,15,,,,,
flag,753,6.02,-1.66,4.6,-2.35,5.5,-1.66,16,,,,,
coin,692,6.02,-1.96,4.29,-2.48,5.66,-1.68,10,,,,,
orchestra,299,6.02,-1.89,3.52,-2.29,5.17,-2.14,60,,,,,
mystic,891,6,-2.21,4.84,-2.57,5.52,-1.93,3,,,,,
hotel,795,6,-1.77,4.8,-2.53,5.12,-1.84,126,,,,,
coast,691,5.98,-1.86,4.59,-2.31,5.67,-1.71,61,,,,,
sentiment,977,5.98,-1.71,4.41,-2.3,5.09,-1.46,23,,,,,
plant,316,5.98,-1.83,3.62,-2.25,4.71,-2.12,125,,,,,
wine,496,5.95,-2.19,4.78,-2.34,5.31,-2.15,72,,,,,
hand,778,5.95,-1.38,4.4,-2.07,5.35,-1.49,431,,,,,
milk,876,5.95,-2.16,3.68,-2.57,5.83,-1.5,49,,,,,
invest,824,5.93,-2.1,5.12,-2.42,5.88,-1.95,3,,,,,
salute,370,5.92,-1.57,5.31,-2.23,5.46,-2.05,3,,,,,
highway,562,5.92,-1.72,5.16,-2.44,5.66,-1.81,40,,,,,
village,477,5.92,-1.34,4.08,-1.87,4.94,-1.74,72,,,,,
window,495,5.91,-1.38,3.97,-2.01,4.91,-1.6,119,,,,,
penis,932,5.9,-1.72,5.54,-2.63,5.92,-2.54,.,,,,,
lighthouse,847,5.89,-2.08,4.41,-2.44,5.25,-2.02,.,,,,,
horse,214,5.89,-1.55,3.89,-2.17,4.67,-1.6,117,,,,,
lamb,837,5.89,-1.73,3.36,-2.18,4.91,-1.96,7,,,,,
skyscraper,573,5.88,-1.87,5.71,-2.17,4.33,-2.36,2,,,,,
hawk,536,5.88,-1.62,4.39,-2.29,5.5,-1.69,14,,,,,
privacy,330,5.88,-1.5,4.12,-1.83,5.66,-1.78,12,,,,,
poetry,318,5.86,-1.91,4,-2.85,5.31,-1.81,88,,,,,
humble,219,5.86,-1.42,3.74,-2.33,4.76,-2.25,18,,,,,
custom,96,5.85,-1.53,4.66,-2.12,5,-1.87,14,,,,,
whistle,1030,5.81,-1.21,4.69,-1.99,5.27,-1.87,4,,,,,
owl,522,5.8,-1.31,3.98,-1.87,5.82,-1.62,2,,,,,
mushroom,567,5.78,-2.22,4.72,-2.33,5.52,-2.1,2,,,,,
consoled,81,5.78,-1.64,4.53,-2.22,4.44,-1.84,2,,,,,
watch,580,5.78,-1.51,4.1,-2.12,5.37,-1.75,81,,,,,
modest,280,5.76,-1.28,3.98,-2.24,4.96,-2.16,29,,,,,
moment,281,5.76,-1.65,3.83,-2.29,4.81,-1.92,246,,,,,
trumpet,456,5.75,-1.38,4.97,-2.13,4.57,-1.72,7,,,,,
sheltered,387,5.75,-1.92,4.28,-1.77,3.76,-1.91,4,,,,,
prairie,325,5.75,-1.43,3.41,-2.17,4.62,-2.13,21,,,,,
salad,369,5.74,-1.62,3.81,-2.29,5.47,-1.68,9,,,,,
gender,763,5.73,-1.55,4.38,-2.13,5.6,-1.84,2,,,,,
nursery,910,5.73,-2.3,4.04,-2.74,5.18,-2.23,13,,,,,
cat,504,5.72,-2.43,4.38,-2.24,6.16,-2.05,.,,,,,
book,47,5.72,-1.54,4.17,-2.49,5.3,-2.05,193,,,,,
frog,176,5.71,-1.74,4.54,-2.03,5.34,-1.96,1,,,,,
limber,848,5.68,-1.49,4.57,-2.26,5.34,-1.84,2,,,,,
teacher,1009,5.68,-2.12,4.05,-2.61,5.11,-2.2,80,,,,,
key,833,5.68,-1.62,3.7,-2.18,4.98,-2.04,88,,,,,
runner,571,5.67,-1.91,4.76,-2.4,5.47,-1.84,1,,,,,
medicine,869,5.67,-2.06,4.4,-2.36,4.7,-1.91,30,,,,,
circle,687,5.67,-1.26,3.86,-2.13,5.03,-1.46,60,,,,,
market,866,5.66,-1.02,4.12,-1.83,5.27,-1.4,155,,,,,
jelly,238,5.66,-1.44,3.7,-2.29,4.53,-1.77,3,,,,,
manner,863,5.64,-1.34,4.56,-1.78,5.05,-1.83,124,,,,,
paint,924,5.62,-1.72,4.1,-2.36,5.75,-1.71,37,,,,,
yellow,545,5.61,-1.94,4.43,-2.05,5.47,-1.58,55,,,,,
lightbulb,566,5.61,-1.28,4.1,-2.02,5.82,-1.56,.,,,,,
golfer,535,5.61,-1.93,3.73,-2.26,5.55,-1.79,3,,,,,
alien,633,5.6,-1.82,5.45,-2.15,4.64,-2.07,16,,,,,
ketchup,831,5.6,-1.35,4.09,-2.08,5.29,-1.81,1,,,,,
windmill,1032,5.6,-1.65,3.74,-2.13,5.24,-1.04,1,,,,,
unit,1023,5.59,-1.87,3.75,-2.49,5.11,-1.74,103,,,,,
quiet,339,5.58,-1.83,2.82,-2.13,4.42,-2.3,76,,,,,
lion,518,5.57,-1.99,6.2,-2.16,4.12,-2.33,17,,,,,
mischief,878,5.57,-2.05,5.76,-1.95,5.56,-1.88,5,,,,,
lantern,839,5.57,-1.19,4.05,-2.28,5.07,-1.82,13,,,,,
cow,554,5.57,-1.53,3.49,-2.13,5.32,-1.61,29,,,,,
rock,965,5.56,-1.38,4.52,-2.37,5.15,-2.01,75,,,,,
method,875,5.56,-1.76,3.85,-2.58,5.67,-1.58,142,,,,,
body,665,5.55,-2.37,5.52,-2.63,5.34,-2.12,276,,,,,
ship,388,5.55,-1.4,4.38,-2.29,5.12,-2.31,83,,,,,
name,893,5.55,-2.24,4.25,-2.47,5.16,-2.08,294,,,,,
detail,724,5.55,-1.58,4.1,-2.24,5.21,-1.6,72,,,,,
bathroom,548,5.55,-1.36,3.88,-1.72,5.65,-1.59,18,,,,,
museum,889,5.54,-1.86,3.6,-2.13,5.32,-1.68,32,,,,,
repentant,351,5.53,-1.86,4.69,-1.98,5.42,-2.06,1,,,,,
farm,557,5.53,-1.85,3.9,-1.95,5.59,-1.81,125,,,,,
writer,1036,5.52,-1.9,4.33,-2.45,4.73,-1.84,73,,,,,
boxer,585,5.51,-1.8,5.12,-2.26,5.1,-1.64,1,,,,,
glacier,186,5.5,-1.25,4.24,-2.29,4.92,-2.12,1,,,,,
avenue,646,5.5,-1.37,4.12,-2.01,5.4,-1.53,46,,,,,
truck,577,5.47,-1.88,4.84,-2.17,5.33,-1.83,57,,,,,
activate,4,5.46,-0.98,4.86,-2.56,5.43,-1.84,2,,,,,
hat,783,5.46,-1.36,4.1,-2,5.39,-1.43,56,,,,,
tower,1016,5.46,-1.75,3.95,-2.28,5.78,-2.14,13,,,,,
masturbate,599,5.45,-2.02,5.67,-2.18,5.63,-2.25,.,,,,,
spray,992,5.45,-1.63,4.14,-2.28,5.12,-1.43,16,,,,,
basket,547,5.45,-1.15,3.63,-2.02,5.76,-1.45,17,,,,,
elevator,738,5.44,-1.18,4.16,-1.99,4.32,-1.69,12,,,,,
violin,579,5.43,-1.98,3.49,-2.26,5.18,-2.01,11,,,,,
lamp,838,5.41,-1,3.8,-2.12,5.27,-1.61,18,,,,,
banner,649,5.4,-0.83,3.83,-1.95,4.8,-1.57,8,,,,,
black,543,5.39,-1.8,4.61,-2.24,5.14,-1.79,203,,,,,
quart,951,5.39,-2.01,3.59,-2.51,5.2,-1.86,3,,,,,
wagon,1029,5.37,-0.97,3.98,-2.04,5.05,-1.2,55,,,,,
reverent,356,5.35,-1.21,4,-1.6,4.67,-1.68,3,,,,,
poster,942,5.34,-1.75,3.93,-2.56,4.91,-1.87,4,,,,,
arm,642,5.34,-1.82,3.59,-2.4,5.07,-1.5,94,,,,,
sphere,991,5.33,-0.87,3.88,-1.99,5,-0.92,22,,,,,
bowl,49,5.33,-1.33,3.47,-2.12,4.69,-1.67,23,,,,,
butter,57,5.33,-1.2,3.17,-1.84,4.67,-1.69,27,,,,,
time,439,5.31,-2.02,4.64,-2.75,4.63,-2.24,1599,,,,,
news,901,5.3,-1.67,5.17,-2.11,4.6,-1.88,102,,,,,
theory,434,5.3,-1.49,4.62,-1.94,4.88,-1.81,129,,,,,
industry,227,5.3,-1.61,4.47,-2.43,4.91,-2.04,171,,,,,
fabric,742,5.3,-1.2,4.14,-1.98,5.03,-1.61,15,,,,,
patient,929,5.29,-1.89,4.21,-2.37,4.9,-2.31,86,,,,,
fork,560,5.29,-0.97,3.96,-1.94,5.74,-1.52,14,,,,,
building,550,5.29,-1.15,3.92,-1.94,5.25,-1.57,160,,,,,
finger,752,5.29,-1.42,3.78,-2.42,5.05,-1.7,40,,,,,
egg,736,5.29,-1.82,3.76,-2.39,4.49,-2.16,12,,,,,
patent,307,5.29,-1.08,3.5,-1.84,4.9,-1.79,35,,,,,
chin,685,5.29,-1.27,3.31,-1.98,5.26,-1.48,27,,,,,
passage,928,5.28,-1.44,4.36,-2.13,5.02,-1.62,49,,,,,
ankle,638,5.27,-1.54,4.16,-2.03,4.77,-1.74,8,,,,,
material,868,5.26,-1.29,4.05,-2.34,5.12,-1.45,174,,,,,
hairpin,776,5.26,-1.45,3.27,-2.41,5.05,-1.32,1,,,,,
item,825,5.26,-0.86,3.24,-2.08,5.26,-1.67,54,,,,,
vest,1026,5.25,-1.33,3.95,-2.09,5.09,-1.24,4,,,,,
office,568,5.24,-1.59,4.08,-1.92,5.59,-1.89,255,,,,,
lawn,841,5.24,-0.86,4,-1.79,5.37,-1.11,15,,,,,
hay,784,5.24,-1.24,3.95,-2.58,5.37,-1.64,19,,,,,
history,208,5.24,-2.01,3.93,-2.29,4.83,-2.08,286,,,,,
jug,829,5.24,-1.65,3.88,-2.15,5.05,-1.62,6,,,,,
headlight,785,5.24,-1.51,3.81,-2.22,4.88,-1.47,.,,,,,
hard,781,5.22,-1.82,5.12,-2.19,5.59,-1.63,202,,,,,
cork,699,5.22,-1.13,3.8,-2.18,4.98,-1.04,9,,,,,
street,412,5.22,-0.72,3.39,-1.87,4.81,-1.21,244,,,,,
kettle,832,5.22,-0.91,3.22,-2.23,5,-1.4,3,,,,,
pencil,309,5.22,-0.68,3.14,-1.9,4.78,-1.73,34,,,,,
table,426,5.22,-0.72,2.92,-2.16,4.47,-1.66,198,,,,,
doctor,129,5.2,-2.54,5.86,-2.7,4.89,-2.75,100,,,,,
concentrate,78,5.2,-1.28,4.65,-2.13,4.97,-1.75,11,,,,,
context,84,5.2,-1.38,4.22,-2.24,5.17,-1.39,2,,,,,
engine,148,5.2,-1.18,3.98,-2.33,5,-1.77,50,,,,,
paper,303,5.2,-1.21,2.5,-1.85,4.47,-1.67,157,,,,,
tool,1015,5.19,-1.27,4.33,-1.78,5.67,-1.62,40,,,,,
locker,850,5.19,-1.31,3.38,-2.13,5.36,-1.87,9,,,,,
busybody,674,5.17,-2.02,4.84,-2.41,5.45,-1.97,.,,,,,
phase,936,5.17,-0.79,3.98,-1.82,4.65,-1.72,72,,,,,
column,695,5.17,-0.85,3.62,-1.91,4.81,-1.58,71,,,,,
statue,995,5.17,-0.7,3.46,-1.72,4.95,-1.4,17,,,,,
tank,613,5.16,-1.87,4.88,-1.86,4.78,-1.93,12,,,,,
umbrella,578,5.16,-1.57,3.68,-1.99,5.42,-1.91,8,,,,,
month,283,5.15,-1.09,4.03,-1.77,4.85,-1.14,130,,,,,
swamp,1004,5.14,-2.24,4.86,-2.36,5.29,-1.63,5,,,,,
journal,828,5.14,-1.49,4.05,-1.96,5.26,-1.42,42,,,,,
clock,688,5.14,-1.54,4.02,-2.54,4.67,-1.97,20,,,,,
utensil,1024,5.14,-1.39,3.57,-1.98,5.4,-1.47,.,,,,,
door,130,5.13,-1.44,3.8,-2.29,4.69,-1.72,312,,,,,
elbow,737,5.12,-0.92,3.81,-2.14,4.88,-1.52,10,,,,,
part,927,5.11,-1.78,3.82,-2.24,4.75,-1.59,500,,,,,
kerchief,830,5.11,-1.33,3.43,-2.08,5.25,-1.28,1,,,,,
aggressive,9,5.1,-1.68,5.83,-2.33,5.59,-2.4,17,,,,,
appliance,641,5.1,-1.21,4.05,-2.06,5.05,-1.34,5,,,,,
cord,698,5.1,-1.09,3.54,-2.09,5,-1.22,6,,,,,
ennui,146,5.09,-1.76,4.4,-2.33,4.67,-1.8,.,,,,,
trunk,1020,5.09,-1.57,4.18,-2.19,5.14,-1.9,8,,,,,
machine,855,5.09,-1.67,3.82,-2.4,5.23,-2.06,103,,,,,
serious,383,5.08,-1.59,4,-1.87,5.12,-1.65,116,,,,,
rain,569,5.08,-2.51,3.65,-2.35,4.78,-1.68,70,,,,,
chair,66,5.08,-0.98,3.15,-1.77,4.56,-1.6,66,,,,,
pig,937,5.07,-1.97,4.2,-2.42,5.34,-1.88,8,,,,,
scissors,974,5.05,-0.96,4.47,-1.76,5.16,-1.84,1,,,,,
inhabitant,813,5.05,-1.34,3.95,-1.97,5.37,-1.43,.,,,,,
ink,229,5.05,-0.81,3.84,-1.88,4.61,-2.13,7,,,,,
cabinet,675,5.05,-0.31,3.43,-1.85,4.73,-1.66,17,,,,,
barrel,651,5.05,-1.46,3.36,-2.28,4.89,-1.57,24,,,,,
hospital,215,5.04,-2.45,5.98,-2.54,4.69,-2.16,110,,,,,
rattle,346,5.03,-1.23,4.36,-2.18,4.17,-1.56,5,,,,,
noisy,904,5.02,-2.02,6.38,-1.78,4.93,-1.76,6,,,,,
hydrant,564,5.02,-0.93,3.71,-1.75,5.53,-1.3,.,,,,,
foot,757,5.02,-0.93,3.27,-1.98,4.98,-1.42,70,,,,,
taxi,1008,5,-1.96,3.41,-2.14,4.64,-1.83,16,,,,,
stove,1001,4.98,-1.69,4.51,-2.14,5.36,-1.87,15,,,,,
storm,1000,4.95,-2.22,5.71,-2.34,4.54,-2.04,26,,,,,
icebox,799,4.95,-1,4.17,-2.11,5.05,-1.05,3,,,,,
metal,874,4.95,-1.17,3.79,-1.96,5.38,-1.4,61,,,,,
seat,380,4.95,-0.98,2.95,-1.72,4.84,-1.88,54,,,,,
mantel,864,4.93,-1.4,3.27,-2.23,4.95,-1.61,3,,,,,
nun,909,4.93,-1.89,2.93,-1.8,4.93,-1.69,2,,,,,
cannon,678,4.9,-2.2,4.71,-2.84,5.17,-2.29,7,,,,,
aloof,13,4.9,-1.92,4.28,-2.1,4.69,-1.92,5,,,,,
iron,565,4.9,-1.02,3.76,-2.06,5.1,-1.27,43,,,,,
contents,83,4.89,-0.89,4.32,-2.14,4.85,-1.49,16,,,,,
blase,41,4.89,-1.16,3.94,-1.76,4.57,-1.44,7,,,,,
hammer,198,4.88,-1.16,4.58,-2.02,4.75,-1.88,9,,,,,
corridor,701,4.88,-1.14,3.63,-2.41,5,-1.48,17,,,,,
reserved,353,4.88,-1.83,3.27,-2.05,4.3,-1.93,27,,,,,
volcano,619,4.84,-2.14,6.33,-2.21,3.25,-1.97,2,,,,,
tease,1010,4.84,-2.51,5.87,-2.56,4.67,-2.37,6,,,,,
hairdryer,561,4.84,-0.84,3.71,-1.75,5.57,-1.27,.,,,,,
curtains,710,4.83,-0.83,3.67,-1.83,5.05,-1.56,8,,,,,
odd,916,4.82,-2.04,4.27,-2.46,4.77,-1.89,44,,,,,
stomach,998,4.82,-2.06,3.93,-2.49,4.68,-1.85,37,,,,,
board,664,4.82,-1.23,3.36,-2.12,4.98,-1.77,239,,,,,
anxious,21,4.81,-1.98,6.92,-1.81,5.33,-1.82,29,,,,,
razor,957,4.81,-2.16,5.36,-2.44,4.91,-1.95,15,,,,,
kerosene,243,4.8,-1.59,4.34,-2.51,4.63,-1.99,6,,,,,
pamphlet,925,4.79,-1.05,3.62,-2.02,4.63,-1.48,3,,,,,
reptile,958,4.77,-2,5.18,-2.19,4.77,-2.02,.,,,,,
glass,765,4.75,-1.38,4.27,-2.07,5,-1.46,99,,,,,
rough,966,4.74,-2,5.33,-2.04,4.81,-1.7,41,,,,,
square,408,4.74,-1.02,3.18,-1.76,4.51,-1.45,143,,,,,
nonchalant,296,4.74,-1.11,3.12,-1.93,4.31,-1.54,1,,,,,
thermometer,1012,4.73,-1.05,3.79,-2.02,4.39,-1.51,.,,,,,
army,23,4.72,-1.75,5.03,-2.03,5.03,-2.45,132,,,,,
dark,714,4.71,-2.36,4.28,-2.21,4.84,-2.15,185,,,,,
stiff,997,4.68,-1.97,4.02,-2.41,4.93,-2.04,21,,,,,
cliff,553,4.67,-2.08,6.25,-2.15,4.35,-2.11,11,,,,,
lesbian,597,4.67,-2.45,5.12,-2.27,5.35,-2.2,.,,,,,
radiator,955,4.67,-1.05,4.02,-1.94,4.81,-1.38,4,,,,,
subdued,416,4.67,-1.31,2.9,-1.81,4.08,-1.56,8,,,,,
slush,983,4.66,-1.88,3.73,-2.23,4.91,-1.48,.,,,,,
knot,836,4.64,-1.36,4.07,-2.15,4.67,-1.65,8,,,,,
shy,389,4.64,-1.83,3.77,-2.29,3.44,-1.96,13,,,,,
nonsense,905,4.61,-1.63,4.17,-2.02,4.9,-1.55,13,,,,,
bench,655,4.61,-1.4,3.59,-2.07,4.68,-1.38,35,,,,,
indifferent,810,4.61,-1.28,3.18,-1.85,4.84,-1.67,11,,,,,
errand,150,4.58,-1.74,3.85,-1.92,4.78,-1.51,7,,,,,
lightning,598,4.57,-2.66,6.61,-1.77,3.67,-2.19,14,,,,,
bereavement,656,4.57,-1.7,4.2,-2.15,4.33,-1.73,4,,,,,
stool,999,4.56,-1.72,4,-2.14,4.98,-1.85,8,,,,,
coarse,690,4.55,-1.42,4.21,-1.84,5,-1.43,10,,,,,
bandage,648,4.54,-1.75,3.9,-2.07,4.52,-1.89,4,,,,,
obsession,915,4.52,-2.13,6.41,-2.13,4.77,-2.38,5,,,,,
skeptical,395,4.52,-1.63,4.91,-1.92,4.5,-1.61,7,,,,,
obey,912,4.52,-1.88,4.23,-1.72,4.26,-2.4,8,,,,,
fur,180,4.51,-1.88,4.18,-2.44,4.32,-1.97,13,,,,,
bus,541,4.51,-1.57,3.55,-1.8,4.84,-1.75,34,,,,,
startled,410,4.5,-1.67,6.93,-2.24,4.48,-1.57,21,,,,,
alley,637,4.48,-1.97,4.91,-2.42,4,-1.7,8,,,,,
neurotic,900,4.45,-2.23,5.13,-2.76,4.41,-2.05,10,,,,,
muddy,887,4.44,-2.07,4.13,-2.13,4.73,-1.77,10,,,,,
embattled,141,4.39,-1.63,5.36,-2.37,4.81,-1.79,1,,,,,
plain,941,4.39,-1.46,3.52,-2.05,4.71,-1.68,48,,,,,
lazy,843,4.38,-2.02,2.65,-2.06,4.07,-1.93,9,,,,,
shotgun,979,4.37,-2.75,6.27,-1.94,5.29,-2.67,8,,,,,
heroin,789,4.36,-2.73,5.11,-2.72,4.8,-2.54,2,,,,,
corner,700,4.36,-1.21,3.91,-1.92,4.12,-1.66,115,,,,,
insolent,231,4.35,-1.76,5.38,-2.37,4.5,-2.06,2,,,,,
shadow,385,4.35,-1.23,4.3,-2.26,4.19,-1.82,36,,,,,
rancid,956,4.34,-2.28,5.04,-2.27,4.59,-1.86,.,,,,,
hit,594,4.33,-2.35,5.73,-2.09,4.88,-2.01,115,,,,,
hide,207,4.32,-1.91,5.28,-2.51,3.4,-2.12,22,,,,,
cellar,681,4.32,-1.68,4.39,-2.33,4.66,-1.61,26,,,,,
solemn,405,4.32,-1.51,3.56,-1.95,4.61,-1.87,12,,,,,
kick,834,4.31,-2.18,4.9,-2.35,5.5,-1.93,16,,,,,
vanity,472,4.3,-1.91,4.98,-2.31,4.8,-2.03,7,,,,,
narcotic,894,4.29,-2.3,4.93,-2.57,4.44,-2.43,2,,,,,
derelict,722,4.28,-1.84,4.1,-1.94,4.78,-1.56,1,,,,,
skull,608,4.27,-1.83,4.75,-1.85,4.86,-1.62,3,,,,,
vampire,470,4.26,-1.86,6.37,-2.35,5.05,-2.27,1,,,,,
defiant,104,4.26,-2.12,6.1,-2.51,5.77,-2.4,3,,,,,
absurd,623,4.26,-1.82,4.36,-2.2,4.73,-1.72,17,,,,,
beast,653,4.23,-2.41,5.57,-2.61,4.89,-2.29,7,,,,,
obscene,914,4.23,-2.3,5.04,-2.3,4.48,-1.91,2,,,,,
pistol,939,4.2,-2.58,6.15,-2.19,5.05,-2.77,27,,,,,
overwhelmed,300,4.19,-2.61,7,-2.37,3.89,-2.58,4,,,,,
chaos,684,4.17,-2.36,6.67,-2.06,3.86,-1.95,17,,,,,
dirt,725,4.17,-1.77,3.76,-2.26,4.83,-1.82,43,,,,,
lump,854,4.16,-2.34,4.8,-2.82,4.32,-2.18,7,,,,,
stagnant,994,4.15,-1.57,3.93,-1.94,4.71,-1.36,5,,,,,
revolt,357,4.13,-1.78,6.56,-2.34,6.18,-2.11,8,,,,,
listless,259,4.12,-1.73,4.1,-2.31,4.14,-1.73,1,,,,,
habit,775,4.11,-1.77,3.95,-2.11,4.3,-1.79,23,,,,,
tamper,1006,4.1,-1.88,4.95,-2.01,4.58,-2.1,1,,,,,
bland,658,4.1,-1.08,3.29,-1.89,4.88,-1.27,3,,,,,
fall,743,4.09,-2.21,4.7,-2.48,4,-2.15,147,,,,,
insect,816,4.07,-2.16,4.07,-2.46,4.56,-2.47,14,,,,,
python,949,4.05,-2.48,6.18,-2.25,4.52,-2.56,14,,,,,
excuse,153,4.05,-1.41,4.48,-2.29,4.07,-2.1,27,,,,,
rifle,603,4.02,-2.76,6.35,-2.04,4.16,-2.71,63,,,,,
dentist,589,4.02,-2.23,5.73,-2.13,3.8,-2.16,12,,,,,
revolver,962,4.02,-2.44,5.55,-2.39,4.39,-2.47,14,,,,,
cold,693,4.02,-1.99,5.19,-2.23,4.69,-1.73,171,,,,,
haphazard,780,4.02,-1.41,4.07,-2.18,4.29,-1.67,2,,,,,
clumsy,689,4,-2.22,5.18,-2.4,3.86,-1.79,6,,,,,
cane,677,4,-1.8,4.2,-1.93,4.27,-1.95,12,,,,,
prick,946,3.98,-1.73,4.7,-2.59,4.47,-1.88,2,,,,,
dustpan,555,3.98,-1.68,3.43,-2,5.45,-1.81,.,,,,,
weapon,489,3.97,-1.92,6.03,-1.89,5.19,-2.61,42,,,,,
alimony,634,3.95,-2,4.3,-2.29,4.63,-2.3,2,,,,,
pungent,948,3.95,-2.09,4.24,-2.17,4.78,-1.52,4,,,,,
shriek,980,3.93,-2.22,5.36,-2.91,4.3,-1.86,5,,,,,
sour,989,3.93,-1.98,5.1,-1.95,4.64,-1.5,3,,,,,
slow,982,3.93,-1.6,3.39,-2.22,4.35,-1.61,60,,,,,
madman,857,3.91,-2.49,5.56,-2.78,4.79,-2.55,2,,,,,
mutation,890,3.91,-2.44,4.84,-2.52,4.07,-2.1,.,,,,,
mangle,861,3.9,-2.01,5.44,-2.1,4.61,-1.84,.,,,,,
scream,605,3.88,-2.07,7.04,-1.96,4.75,-2.21,13,,,,,
meek,273,3.87,-1.69,3.8,-2.13,3.67,-2.23,10,,,,,
detached,113,3.86,-1.88,4.26,-2.57,3.63,-2.15,12,,,,,
timid,440,3.86,-1.55,4.11,-2.09,3.09,-1.91,5,,,,,
rusty,367,3.86,-1.47,3.77,-2.16,4.53,-1.62,8,,,,,
contempt,82,3.85,-2.13,5.28,-2.04,5.13,-1.73,15,,,,,
pinch,938,3.83,-1.7,4.59,-2.1,4.76,-1.73,6,,,,,
needle,897,3.82,-1.73,5.36,-2.89,3.95,-2.17,15,,,,,
cell,587,3.82,-1.7,4.08,-2.19,4.12,-2.13,65,,,,,
hinder,790,3.81,-1.42,4.12,-2.01,4.21,-1.54,.,,,,,
controlling,85,3.8,-2.25,6.1,-2.19,5.17,-3.15,23,,,,,
weary,490,3.79,-2.12,3.81,-2.29,4,-1.91,17,,,,,
fight,751,3.76,-2.63,7.15,-2.19,5.27,-2.69,98,,,,,
suspicious,423,3.76,-1.42,6.25,-1.59,4.47,-1.99,13,,,,,
maniac,862,3.76,-2,5.39,-2.46,4.22,-2.07,4,,,,,
scorching,975,3.76,-1.83,5,-2.74,4.1,-2.01,.,,,,,
resent,959,3.76,-1.9,4.47,-2.12,4.46,-2.09,8,,,,,
noose,906,3.76,-1.64,4.39,-2.08,4.17,-1.92,3,,,,,
blasphemy,659,3.75,-2.26,4.93,-2.34,4.75,-1.59,4,,,,,
arrogant,25,3.69,-2.4,5.65,-2.23,5.14,-2.71,2,,,,,
scorpion,976,3.69,-2.63,5.38,-3.08,3.98,-2.44,.,,,,,
disdainful,123,3.68,-1.9,5.04,-2.14,4.55,-1.92,2,,,,,
scapegoat,972,3.67,-1.65,4.53,-2.13,3.52,-1.7,1,,,,,
disturb,727,3.66,-2,5.8,-2.39,4.55,-1.9,10,,,,,
rigid,963,3.66,-2.12,4.66,-2.47,4.61,-2.04,24,,,,,
shark,606,3.65,-2.47,7.16,-1.96,2.63,-2.16,.,,,,,
overcast,923,3.65,-1.61,3.46,-1.92,4.2,-1.79,9,,,,,
thorn,436,3.64,-1.76,5.14,-2.14,4.45,-1.5,3,,,,,
cut,711,3.64,-2.08,5,-2.32,4.7,-1.98,192,,,,,
knife,596,3.62,-2.18,5.8,-2,4.12,-2.18,76,,,,,
cyclone,98,3.6,-2.38,6.36,-2.89,4.89,-2.56,.,,,,,
grenade,771,3.6,-1.88,5.7,-2.52,4.29,-2.5,3,,,,,
termite,429,3.58,-2.08,5.39,-2.43,3.87,-1.87,.,,,,,
hungry,221,3.58,-2.01,5.13,-2.44,4.68,-2.05,23,,,,,
nasty,895,3.58,-2.38,4.89,-2.5,5,-2.17,5,,,,,
tense,428,3.56,-1.36,6.53,-2.1,5.22,-2.02,15,,,,,
spanking,990,3.55,-2.54,5.41,-2.73,3.91,-2.51,.,,,,,
mold,882,3.55,-1.7,4.07,-1.98,4.33,-1.83,45,,,,,
outrage,921,3.52,-2.12,6.83,-2.26,5.26,-2.72,4,,,,,
blubber,663,3.52,-1.99,4.57,-2.38,3.86,-1.97,1,,,,,
greed,769,3.51,-1.93,4.71,-2.26,4.88,-2.03,3,,,,,
abortion,622,3.5,-2.3,5.39,-2.8,4.59,-2.54,6,,,,,
immoral,807,3.5,-2.16,4.98,-2.48,4.66,-2.33,5,,,,,
frigid,758,3.5,-1.85,4.75,-2.56,4.27,-1.98,5,,,,,
obnoxious,913,3.5,-2.18,4.74,-2.42,5.39,-2.2,5,,,,,
gossip,767,3.48,-2.33,5.74,-2.38,3.57,-2.26,13,,,,,
gun,593,3.47,-2.48,7.02,-1.84,3.53,-2.72,118,,,,,
crutch,708,3.43,-1.62,4.14,-2.05,3.91,-1.79,1,,,,,
fault,747,3.43,-1.38,4.07,-1.69,4.02,-1.66,22,,,,,
immature,806,3.39,-1.7,4.15,-1.96,4.85,-2.2,7,,,,,
dagger,99,3.38,-1.77,6.14,-2.64,4.52,-2.27,1,,,,,
pressure,944,3.38,-1.61,6.07,-2.26,3.45,-2.07,185,,,,,
scar,973,3.38,-1.7,4.79,-2.11,3.88,-1.71,10,,,,,
dummy,732,3.38,-1.7,4.35,-2.25,3.67,-2.02,3,,,,,
wasp,484,3.37,-1.63,5.5,-2.17,3.76,-1.82,2,,,,,
lawsuit,842,3.37,-2,4.93,-2.44,3.92,-2.02,1,,,,,
grime,772,3.37,-1.34,3.98,-2.29,4.47,-1.28,.,,,,,
pity,940,3.37,-1.57,3.72,-2.02,4.12,-1.82,14,,,,,
bastard,33,3.36,-2.16,6.07,-2.15,4.17,-2.4,12,,,,,
snob,403,3.36,-1.81,5.65,-2.36,5.11,-2.25,1,,,,,
hurricane,798,3.34,-2.12,6.83,-2.06,3.07,-2.18,8,,,,,
hooker,793,3.34,-2.31,4.93,-2.82,4.73,-2.48,.,,,,,
carcass,679,3.34,-1.92,4.83,-2.07,4.9,-1.79,7,,,,,
mucus,886,3.34,-2.29,3.41,-2.17,4.8,-1.83,2,,,,,
spider,610,3.33,-1.72,5.71,-2.21,4.75,-2.11,2,,,,,
scandal,971,3.32,-1.81,5.12,-2.22,4.34,-1.73,8,,,,,
corrupt,702,3.32,-2.32,4.67,-2.35,4.64,-2.3,8,,,,,
snake,609,3.31,-2.2,6.82,-2.1,3.78,-2.05,44,,,,,
nervous,899,3.29,-1.47,6.59,-2.07,3.56,-1.73,24,,,,,
avalanche,645,3.29,-1.95,5.54,-2.37,3.61,-2,1,,,,,
bullet,673,3.29,-2.06,5.33,-2.48,3.9,-2.61,28,,,,,
handicap,779,3.29,-1.69,3.81,-2.27,4,-2.24,6,,,,,
tobacco,441,3.28,-2.16,4.83,-2.9,4.08,-2.27,19,,,,,
fatigued,162,3.28,-1.43,2.64,-2.19,3.78,-1.97,3,,,,,
nuisance,908,3.27,-1.86,4.49,-2.69,4.36,-1.73,5,,,,,
FALSE,744,3.27,-1.4,3.43,-2.09,4.1,-1.56,29,,,,,
feeble,164,3.26,-1.47,4.1,-2.07,2.71,-1.64,8,,,,,
urine,617,3.25,-1.71,4.2,-2.18,5.24,-1.86,1,,,,,
evil,741,3.23,-2.64,6.39,-2.44,5.25,-2.6,72,,,,,
fire,166,3.22,-2.06,7.17,-2.06,4.49,-2.49,187,,,,,
beggar,36,3.22,-2.02,4.91,-2.45,4.09,-2.38,2,,,,,
confused,80,3.21,-1.51,6.03,-1.88,4.24,-1.91,44,,,,,
dump,733,3.21,-1.87,4.12,-2.36,3.83,-1.87,4,,,,,
bees,583,3.2,-2.07,6.51,-2.14,4.16,-2.11,15,,,,,
severe,978,3.2,-1.74,5.26,-2.36,3.83,-1.91,39,,,,,
decompose,102,3.2,-1.81,4.65,-2.39,4.02,-1.91,1,,,,,
moody,883,3.2,-1.58,4.18,-2.38,4.39,-1.71,5,,,,,
flood,755,3.19,-1.66,6,-2.02,3.24,-2.14,19,,,,,
scurvy,378,3.19,-2,4.71,-2.72,4.48,-2.48,1,,,,,
impair,808,3.18,-1.86,4.04,-2.14,4.09,-2.18,4,,,,,
mildew,277,3.17,-1.36,4.08,-1.79,4.4,-1.79,1,,,,,
destruction,723,3.16,-2.44,5.82,-2.71,3.93,-2.29,38,,,,,
idiot,223,3.16,-1.91,4.21,-2.47,3.18,-2.13,2,,,,,
messy,873,3.15,-1.73,3.34,-2.37,4.75,-2.15,3,,,,,
sissy,394,3.14,-1.96,5.17,-2.57,3.58,-2.74,.,,,,,
gripe,774,3.14,-1.56,5,-2.19,4.67,-1.79,.,,,,,
ridicule,360,3.13,-2.24,5.83,-2.73,3.87,-2.7,5,,,,,
pest,313,3.13,-1.82,5.62,-2.15,5.29,-2.13,4,,,,,
panic,601,3.12,-1.84,7.02,-2.02,3.2,-1.67,22,,,,,
crude,707,3.12,-1.65,5.07,-2.37,4.27,-1.94,15,,,,,
irritate,235,3.11,-1.67,5.76,-2.15,5.03,-2.05,.,,,,,
manure,865,3.1,-1.74,4.17,-2.09,4.67,-1.36,6,,,,,
assassin,26,3.09,-2.09,6.28,-2.53,4.33,-2.68,6,,,,,
dirty,590,3.08,-2.05,4.88,-2.29,4.7,-2.12,36,,,,,
delayed,721,3.07,-1.74,5.62,-2.39,3.64,-1.94,25,,,,,
allergy,636,3.07,-1.64,4.64,-2.34,3.21,-1.77,1,,,,,
ignorance,803,3.07,-2.25,4.39,-2.49,4.41,-2.38,16,,,,,
inferior,812,3.07,-1.57,3.83,-2.05,2.78,-2.08,7,,,,,
fungus,179,3.06,-1.75,4.68,-2.33,4.06,-1.94,2,,,,,
damage,712,3.05,-1.65,5.57,-2.26,3.88,-1.86,33,,,,,
invader,823,3.05,-2.01,5.5,-2.4,4,-2.6,1,,,,,
broken,672,3.05,-1.92,5.43,-2.42,4.14,-1.62,63,,,,,
blind,43,3.05,-1.99,4.39,-2.36,3.28,-1.91,47,,,,,
dreary,731,3.05,-1.58,2.98,-2.18,3.81,-1.64,6,,,,,
trouble,454,3.03,-2.09,6.85,-2.03,4.85,-2.39,134,,,,,
embarrassed,140,3.03,-1.85,5.87,-2.55,2.87,-1.99,8,,,,,
scornful,376,3.02,-2.03,5.04,-2.56,4.59,-2.18,5,,,,,
rat,345,3.02,-1.66,4.95,-2.36,4.55,-2.14,6,,,,,
discouraged,122,3,-2.16,4.53,-2.11,3.61,-2.01,15,,,,,
stink,411,3,-1.79,4.26,-2.1,4.16,-1.98,3,,,,,
garbage,182,2.98,-1.96,5.04,-2.5,4.24,-2.02,7,,,,,
riot,361,2.96,-1.93,6.39,-2.63,4.18,-2.47,7,,,,,
wicked,493,2.96,-2.37,6.09,-2.44,4.36,-2.65,9,,,,,
danger,713,2.95,-2.22,7.32,-2.07,3.59,-2.31,70,,,,,
slap,396,2.95,-1.79,6.46,-2.58,4.21,-2.29,2,,,,,
blackmail,40,2.95,-1.95,6.03,-2.7,3.54,-2.67,2,,,,,
bored,48,2.95,-1.35,2.83,-2.31,4.11,-1.7,14,,,,,
tomb,442,2.94,-1.88,4.73,-2.72,3.72,-2.05,11,,,,,
sinful,393,2.93,-2.15,6.29,-2.43,4.24,-2.73,3,,,,,
quarrel,338,2.93,-2.06,6.29,-2.56,4.02,-2.16,20,,,,,
criminal,705,2.93,-1.66,4.79,-2.51,3.34,-1.73,24,,,,,
waste,485,2.93,-1.76,4.14,-2.3,4.72,-1.94,35,,,,,
bloody,584,2.9,-1.98,6.41,-2,3.96,-1.89,8,,,,,
deceit,718,2.9,-1.63,5.68,-2.46,3.95,-2.12,2,,,,,
crime,704,2.89,-2.06,5.41,-2.69,4.12,-2.24,34,,,,,
menace,275,2.88,-1.64,5.52,-2.45,4.98,-2.25,9,,,,,
blister,661,2.88,-1.75,4.1,-2.34,3.98,-1.9,3,,,,,
morbid,284,2.87,-2.14,5.06,-2.68,4.34,-2.5,1,,,,,
surgery,612,2.86,-2.19,6.35,-2.32,2.75,-1.86,6,,,,,
mistake,880,2.86,-1.79,5.18,-2.42,3.86,-2.42,34,,,,,
pus,602,2.86,-1.91,4.82,-2.06,4.35,-1.82,.,,,,,
germs,764,2.86,-1.39,4.49,-2.24,3.79,-1.59,1,,,,,
angry,18,2.85,-1.7,7.17,-2.07,5.55,-2.74,45,,,,,
insane,815,2.85,-1.94,5.83,-2.45,4.12,-2.23,13,,,,,
alcoholic,582,2.84,-2.34,5.69,-2.36,4.45,-2.56,3,,,,,
scorn,375,2.84,-2.07,5.48,-2.52,3.93,-2.64,4,,,,,
penalty,931,2.83,-1.56,5.1,-2.31,3.95,-1.97,14,,,,,
scalding,970,2.82,-2.12,5.95,-2.55,3.82,-2.3,1,,,,,
lost,852,2.82,-1.83,5.82,-2.62,2.86,-1.64,173,,,,,
cockroach,75,2.81,-2.11,6.11,-2.78,4.74,-2.58,2,,,,,
louse,262,2.81,-1.92,4.98,-2.03,3.57,-2.26,3,,,,,
foul,169,2.81,-1.52,4.93,-2.23,4.51,-1.89,4,,,,,
impotent,224,2.81,-1.92,4.57,-2.59,3.43,-2.43,2,,,,,
brutal,53,2.8,-1.9,6.6,-2.36,4.59,-2.7,7,,,,,
sin,392,2.8,-1.67,5.78,-2.21,3.62,-2.29,53,,,,,
mosquito,885,2.8,-1.91,4.78,-2.72,4.51,-2.15,1,,,,,
pervert,312,2.79,-2.12,6.26,-2.61,4.72,-2.83,1,,,,,
lie,257,2.79,-1.92,5.96,-2.63,3.3,-2.42,59,,,,,
displeased,126,2.79,-2.23,5.64,-2.48,4.19,-2.19,7,,,,,
scared,604,2.78,-1.99,6.82,-2.03,2.94,-2.19,21,,,,,
intruder,822,2.77,-2.32,6.86,-2.41,4,-2.68,1,,,,,
horror,213,2.76,-2.25,7.21,-2.14,4.63,-2.7,17,,,,,
fear,592,2.76,-2.12,6.96,-2.17,3.22,-2.2,127,,,,,
offend,917,2.76,-1.5,5.56,-2.06,3.73,-2.03,4,,,,,
abduction,621,2.76,-2.06,5.53,-2.43,3.49,-2.38,1,,,,,
fever,750,2.76,-1.64,4.29,-2.31,3.52,-2.15,19,,,,,
annoy,20,2.74,-1.81,6.49,-2.17,5.09,-2.04,2,,,,,
crisis,706,2.74,-2.23,5.44,-3.07,3.6,-2.47,82,,,,,
measles,272,2.74,-1.97,5.06,-2.44,4.13,-2.16,2,,,,,
coward,703,2.74,-1.64,4.07,-2.19,2.83,-1.61,8,,,,,
hostile,217,2.73,-1.5,6.44,-2.28,4.85,-2.58,19,,,,,
burn,586,2.73,-1.72,6.22,-1.91,4.22,-1.83,15,,,,,
obesity,911,2.73,-1.85,3.87,-2.82,3.74,-2.45,5,,,,,
vandal,471,2.71,-1.91,6.4,-1.88,3.91,-2.49,1,,,,,
malice,270,2.69,-1.84,5.86,-2.75,4.74,-2.72,2,,,,,
venom,474,2.68,-1.81,6.08,-2.44,3.94,-2.23,2,,,,,
slime,400,2.68,-1.66,5.36,-2.63,4.17,-1.82,1,,,,,
fraud,171,2.67,-1.66,5.75,-2.45,3.58,-2.5,8,,,,,
trash,615,2.67,-1.45,4.16,-2.16,5.24,-1.85,2,,,,,
flabby,167,2.66,-1.87,4.82,-2.81,3.31,-1.9,.,,,,,
destroy,112,2.64,-2.03,6.83,-2.38,4.94,-2.86,48,,,,,
guilty,197,2.63,-1.98,6.04,-2.76,3.09,-2.22,29,,,,,
neglect,898,2.63,-1.64,4.83,-2.31,3.85,-2.29,12,,,,,
cemetery,65,2.63,-1.4,4.82,-2.66,4.27,-2.14,15,,,,,
robber,964,2.61,-1.69,5.62,-2.72,3.62,-2.38,2,,,,,
coffin,76,2.56,-1.96,5.03,-2.79,4.08,-2.54,7,,,,,
tornado,444,2.55,-1.78,6.83,-2.49,4.3,-2.42,1,,,,,
smallpox,402,2.52,-2.08,5.58,-2.13,4.29,-2.17,2,,,,,
jealousy,237,2.51,-1.83,6.36,-2.66,3.8,-2.41,4,,,,,
wounds,620,2.51,-1.58,5.82,-2.01,3.92,-1.57,8,,,,,
addicted,628,2.51,-1.42,4.81,-2.46,3.46,-2.23,3,,,,,
rude,366,2.5,-2.11,6.31,-2.47,4.91,-2.49,6,,,,,
burdened,55,2.5,-1.32,5.63,-2.07,5.03,-2.35,4,,,,,
shamed,386,2.5,-1.34,4.88,-2.27,2.98,-1.94,1,,,,,
injury,595,2.49,-1.76,5.69,-2.06,3.57,-1.62,27,,,,,
guillotine,196,2.48,-2.11,6.56,-2.54,4.64,-2.63,.,,,,,
addict,581,2.48,-2.08,5.66,-2.26,3.72,-2.54,1,,,,,
frustrated,177,2.48,-1.64,5.61,-2.76,3.5,-2.12,10,,,,,
illness,804,2.48,-1.4,4.71,-2.24,3.21,-1.85,20,,,,,
ambulance,15,2.47,-1.5,7.33,-1.96,3.22,-2.29,6,,,,,
filth,165,2.47,-1.68,5.12,-2.32,3.81,-2.06,2,,,,,
enraged,149,2.46,-1.65,7.97,-2.17,6.33,-2.92,1,,,,,
ache,627,2.46,-1.52,5,-2.45,3.54,-1.73,4,,,,,
deserter,109,2.45,-1.8,5.5,-2.55,3.77,-2.29,.,,,,,
disgusted,124,2.45,-1.41,5.42,-2.59,4.34,-1.94,6,,,,,
hardship,782,2.45,-1.61,4.76,-2.55,4.22,-2.4,9,,,,,
mad,856,2.44,-1.72,6.76,-2.26,5.86,-2.2,39,,,,,
agony,10,2.43,-2.17,6.06,-2.67,4.02,-2.49,9,,,,,
despairing,110,2.43,-1.47,5.68,-2.37,3.43,-2.11,4,,,,,
ugly,460,2.43,-1.27,5.38,-2.23,4.26,-2.33,21,,,,,
scum,377,2.43,-1.56,4.88,-2.36,4.26,-1.99,.,,,,,
selfish,382,2.42,-1.62,5.5,-2.62,4.64,-2.31,8,,,,,
rage,342,2.41,-1.86,8.17,-1.4,5.68,-3.01,16,,,,,
alone,12,2.41,-1.77,4.83,-2.66,3.7,-2.42,195,,,,,
deformed,720,2.41,-1.66,4.07,-2.34,3.95,-2.18,.,,,,,
malaria,860,2.4,-1.38,4.4,-2.54,3.22,-1.9,3,,,,,
starving,611,2.39,-1.82,5.61,-2.53,3.63,-2.1,6,,,,,
disappoint,120,2.39,-1.44,4.92,-2.64,3.29,-2.32,.,,,,,
slum,401,2.39,-1.25,4.78,-2.52,3.83,-2.18,8,,,,,
putrid,337,2.38,-1.71,5.74,-2.26,4.89,-2.09,.,,,,,
execution,154,2.37,-2.06,5.71,-2.74,4.11,-2.66,15,,,,,
tumor,459,2.36,-2.04,6.51,-2.85,3.58,-2.42,17,,,,,
insecure,230,2.36,-1.33,5.56,-2.34,2.33,-1.95,3,,,,,
roach,363,2.35,-1.7,6.64,-2.64,4.82,-2.94,2,,,,,
anger,17,2.34,-1.32,7.63,-1.91,5.5,-2.82,48,,,,,
defeated,103,2.34,-1.66,5.09,-3,3.11,-2.34,15,,,,,
crash,89,2.31,-1.44,6.95,-2.44,3.44,-2.21,20,,,,,
lice,256,2.31,-1.78,5,-2.26,3.95,-2.29,2,,,,,
stupid,415,2.31,-1.37,4.72,-2.71,2.98,-2.18,24,,,,,
whore,492,2.3,-2.11,5.85,-2.93,4.61,-2.73,2,,,,,
violent,478,2.29,-1.78,6.89,-2.47,5.16,-2.86,33,,,,,
insult,817,2.29,-1.33,6,-2.46,3.62,-2.05,7,,,,,
regretful,348,2.28,-1.42,5.74,-2.32,3.43,-2.52,1,,,,,
gangrene,181,2.28,-1.91,5.7,-2.96,3.36,-2.34,.,,,,,
massacre,867,2.28,-1.74,5.33,-2.63,3.5,-2.26,1,,,,,
fat,160,2.28,-1.92,4.81,-2.8,4.47,-3.06,60,,,,,
dreadful,131,2.26,-1.91,5.84,-2.62,4.1,-2.36,10,,,,,
rotten,365,2.26,-1.37,4.53,-2.38,4.32,-2.09,2,,,,,
fearful,163,2.25,-1.18,6.33,-2.28,3.64,-2.18,13,,,,,
sickness,390,2.25,-1.71,5.61,-2.67,3.84,-2.5,6,,,,,
loser,851,2.25,-1.48,4.95,-2.57,3.02,-2.17,1,,,,,
humiliate,797,2.24,-1.34,6.14,-2.42,2.6,-1.94,.,,,,,
hell,788,2.24,-1.62,5.38,-2.62,3.24,-2.36,95,,,,,
crucify,91,2.23,-1.72,6.47,-2.47,3.74,-2.48,2,,,,,
divorce,128,2.22,-1.88,6.33,-2.71,3.26,-2.24,29,,,,,
punishment,335,2.22,-1.41,5.93,-2.4,3.5,-2.43,21,,,,,
traitor,448,2.22,-1.69,5.78,-2.47,4.61,-2.71,2,,,,,
debt,101,2.22,-1.17,5.68,-2.74,3.02,-2.16,13,,,,,
devil,115,2.21,-1.99,6.07,-2.61,5.35,-2.75,25,,,,,
crushed,93,2.21,-1.74,5.52,-2.87,3.36,-2.69,10,,,,,
hostage,216,2.2,-1.8,6.76,-2.63,2.83,-2.32,2,,,,,
helpless,206,2.2,-1.42,5.34,-2.52,2.27,-1.83,21,,,,,
stench,996,2.19,-1.37,4.36,-2.46,4.29,-1.91,1,,,,,
discomfort,726,2.19,-1.23,4.17,-2.44,3.86,-2.26,7,,,,,
victim,618,2.18,-1.48,6.06,-2.32,2.69,-2.04,27,,,,,
corpse,86,2.18,-1.48,4.74,-2.94,3.59,-2.44,7,,,,,
detest,114,2.17,-1.3,6.06,-2.39,5.83,-2.6,1,,,,,
troubled,455,2.17,-1.21,5.94,-2.36,3.91,-2.33,31,,,,,
lonely,261,2.17,-1.76,4.51,-2.68,2.95,-2.12,25,,,,,
thief,435,2.13,-1.69,6.89,-2.13,3.79,-2.55,8,,,,,
pain,301,2.13,-1.81,6.5,-2.49,3.71,-2.53,88,,,,,
useless,467,2.13,-1.42,4.87,-2.58,3.92,-2.62,17,,,,,
hate,201,2.12,-1.72,6.95,-2.56,5.05,-2.95,42,,,,,
anguished,19,2.12,-1.56,5.33,-2.69,3.45,-2.37,2,,,,,
demon,106,2.11,-1.56,6.76,-2.68,4.89,-2.89,9,,,,,
bomb,46,2.1,-1.19,7.15,-2.4,4.54,-2.88,36,,,,,
toxic,446,2.1,-1.48,6.4,-2.41,4.42,-2.51,3,,,,,
trauma,616,2.1,-1.49,6.33,-2.45,2.84,-1.87,1,,,,,
stress,413,2.09,-1.41,7.45,-2.38,3.93,-2.75,107,,,,,
leprosy,254,2.09,-1.4,6.29,-2.23,4,-2.3,1,,,,,
war,482,2.08,-1.91,7.49,-2.16,4.5,-3,464,,,,,
vomit,481,2.06,-1.57,5.75,-2.84,3.58,-2.45,3,,,,,
maggot,269,2.06,-1.47,5.28,-2.96,4.03,-2.09,2,,,,,
accident,2,2.05,-1.19,6.26,-2.87,3.76,-2.22,33,,,,,
unfaithful,462,2.05,-1.55,6.2,-2.7,3.02,-2.54,1,,,,,
seasick,379,2.05,-1.2,5.8,-2.88,3.41,-2.39,.,,,,,
prison,329,2.05,-1.34,5.7,-2.56,4.2,-2.58,42,,,,,
burial,56,2.05,-1.41,5.08,-2.4,3.55,-1.95,11,,,,,
assault,27,2.03,-1.55,7.51,-2.28,3.94,-3.1,15,,,,,
despise,111,2.03,-1.38,6.28,-2.43,4.72,-2.8,7,,,,,
headache,203,2.02,-1.06,5.07,-2.74,3.6,-1.98,5,,,,,
afraid,8,2,-1.28,6.67,-2.54,3.98,-2.63,57,,,,,
bankrupt,32,2,-1.31,6.21,-2.79,3.27,-2.39,5,,,,,
upset,465,2,-1.18,5.86,-2.4,4.08,-2.31,14,,,,,
hatred,202,1.98,-1.92,6.66,-2.56,4.3,-2.76,20,,,,,
poison,319,1.98,-1.44,6.05,-2.82,3.1,-2.44,10,,,,,
toothache,443,1.98,-1.15,5.55,-2.51,3.9,-1.85,.,,,,,
paralysis,926,1.98,-1.44,4.73,-2.83,2.56,-1.82,6,,,,,
cruel,92,1.97,-1.67,5.68,-2.65,4.24,-2.84,15,,,,,
jail,236,1.95,-1.27,5.49,-2.67,3.81,-2.71,21,,,,,
distressed,127,1.94,-1.1,6.4,-2.38,3.76,-2.41,4,,,,,
dead,588,1.94,-1.76,5.73,-2.73,2.84,-2.32,174,,,,,
disloyal,125,1.93,-1.61,6.56,-2.21,3.79,-2.75,2,,,,,
terrible,430,1.93,-1.44,6.27,-2.44,3.58,-2.34,45,,,,,
misery,879,1.93,-1.6,5.17,-2.69,2.55,-1.45,15,,,,,
drown,591,1.92,-1.48,6.57,-2.33,2.86,-1.99,3,,,,,
morgue,285,1.92,-1.32,4.84,-2.96,3.61,-1.94,1,,,,,
nightmare,295,1.91,-1.54,7.59,-2.23,3.68,-2.76,9,,,,,
hurt,222,1.9,-1.26,5.85,-2.49,3.33,-2.22,37,,,,,
sick,607,1.9,-1.14,4.29,-2.45,3.04,-1.65,51,,,,,
killer,244,1.89,-1.39,7.86,-1.89,4.54,-3.11,21,,,,,
gloom,188,1.88,-1.23,3.83,-2.33,3.55,-2.07,14,,,,,
pollute,321,1.85,-1.11,6.08,-2.42,4.92,-2.51,1,,,,,
depression,108,1.85,-1.67,4.54,-3.19,2.91,-2.27,24,,,,,
slave,398,1.84,-1.13,6.21,-2.93,3.29,-2.76,30,,,,,
depressed,107,1.83,-1.42,4.72,-2.95,2.74,-2.13,11,,,,,
mutilate,292,1.82,-1.45,6.41,-2.94,3.41,-2.71,3,,,,,
abuse,1,1.8,-1.23,6.83,-2.7,3.69,-2.94,18,,,,,
tragedy,447,1.78,-1.31,6.24,-2.64,3.5,-2.34,49,,,,,
ulcer,461,1.78,-1.17,6.12,-2.68,4.17,-2.22,5,,,,,
rabies,340,1.77,-0.97,6.1,-2.62,3.85,-2.34,1,,,,,
disaster,121,1.73,-1.13,6.33,-2.7,3.52,-2.42,26,,,,,
terrified,432,1.72,-1.14,7.86,-2.27,3.08,-2.75,7,,,,,
failure,156,1.7,-1.07,4.95,-2.81,2.4,-2.18,89,,,,,
terrorist,614,1.69,-1.42,7.27,-2.38,2.65,-2.3,.,,,,,
grief,195,1.69,-1.04,4.78,-2.84,3.5,-2.35,10,,,,,
betray,37,1.68,-1.02,7.24,-2.06,4.92,-2.97,4,,,,,
syphilis,425,1.68,-1.23,5.69,-3.25,3.33,-2.67,.,,,,,
poverty,322,1.67,-0.9,4.87,-2.66,3.21,-2.21,20,,,,,
infection,228,1.66,-1.34,5.03,-2.77,3.61,-2.64,8,,,,,
slaughter,397,1.64,-1.18,6.77,-2.42,3.82,-2.75,10,,,,,
death,100,1.61,-1.4,4.59,-3.07,3.47,-2.5,277,,,,,
loneliness,260,1.61,-1.02,4.56,-2.97,2.51,-2.27,9,,,,,
sad,368,1.61,-0.95,4.13,-2.38,3.45,-2.18,35,,,,,
unhappy,463,1.57,-0.96,4.18,-2.5,3.34,-2.35,26,,,,,
torture,445,1.56,-0.79,6.1,-2.77,3.33,-2.37,3,,,,,
suffocate,418,1.56,-0.96,6.03,-3.19,3.44,-2.81,1,,,,,
murderer,289,1.53,-0.96,7.47,-2.18,3.77,-3.06,19,,,,,
cancer,60,1.5,-0.85,6.42,-2.83,3.42,-2.99,25,,,,,
rejected,349,1.5,-1.09,6.37,-2.56,2.72,-2.58,33,,,,,
funeral,178,1.39,-0.87,4.94,-3.21,2.97,-2.55,33,,,,,
rape,344,1.25,-0.91,6.81,-3.17,2.97,-2.94,5,,,,,
suicide,419,1.25,-0.69,5.73,-3.14,3.58,-3.02,17,,,,,
